City_ID,City,Country,Date,Lat,Lng,Max Temp,Humidity,Cloudiness,Wind Speed
0,Tacoronte,ES,2021-10-06 14:10:55,28.4769,-16.4102,73.72,72,20,13.0
1,Airai,TL,2021-10-06 14:10:56,-8.9266,125.4092,61.63,91,80,1.7
2,Ushuaia,AR,2021-10-06 14:10:32,-54.8,-68.3,46.06,66,40,8.05
3,Leningradskiy,RU,2021-10-06 14:10:56,69.3833,178.4167,28.0,97,100,9.35
4,Effingham,US,2021-10-06 14:10:56,32.3669,-81.3332,78.84,98,100,5.19
5,Bluff,NZ,2021-10-06 14:10:57,-46.6,168.3333,52.81,93,19,0.27
6,Barrow,US,2021-10-06 14:10:57,71.2906,-156.7887,30.22,86,90,12.66
7,Puerto Ayora,EC,2021-10-06 14:10:57,-0.7393,-90.3518,68.56,95,96,7.0
8,Clyde River,CA,2021-10-06 14:10:57,70.4692,-68.5914,33.51,99,100,8.99
9,Klaksvik,FO,2021-10-06 14:10:58,62.2266,-6.589,47.32,77,88,11.36
10,Storslett,NO,2021-10-06 14:10:58,69.7678,21.0247,46.4,93,75,8.28
11,Isangel,VU,2021-10-06 14:10:58,-19.55,169.2667,74.66,88,2,6.93
12,Yellowknife,CA,2021-10-06 14:07:46,62.456,-114.3525,36.41,100,100,8.43
13,Cape Town,ZA,2021-10-06 14:09:04,-33.9258,18.4232,84.11,46,0,4.0
14,Hilo,US,2021-10-06 14:10:58,19.7297,-155.09,72.81,90,90,5.75
15,Tuktoyaktuk,CA,2021-10-06 14:10:59,69.4541,-133.0374,27.25,85,96,13.58
16,Port Alfred,ZA,2021-10-06 14:07:04,-33.5906,26.891,67.66,76,50,24.05
17,Mataura,NZ,2021-10-06 14:10:59,-46.1927,168.8643,52.48,98,60,0.78
18,Namibe,AO,2021-10-06 14:10:59,-15.1961,12.1522,72.61,61,43,17.63
19,Bethel,US,2021-10-06 14:06:56,41.3712,-73.414,63.64,84,90,0.0
20,Alofi,NU,2021-10-06 14:11:00,-19.0595,-169.9187,76.33,78,23,14.52
21,Poum,NC,2021-10-06 14:11:00,-20.2333,164.0167,74.16,72,0,15.46
22,Lebu,CL,2021-10-06 14:11:00,-37.6167,-73.65,53.06,48,0,11.86
23,Rabat,MA,2021-10-06 14:11:01,33.9911,-6.8401,91.04,53,66,5.75
24,Price,US,2021-10-06 14:09:04,39.5994,-110.8107,52.86,100,90,8.05
25,Syracuse,IT,2021-10-06 14:11:01,37.0881,15.2792,72.43,72,99,15.48
26,Dikson,RU,2021-10-06 14:11:02,73.5069,80.5464,33.94,99,100,6.98
27,Fujin,CN,2021-10-06 14:11:02,47.26,132.0322,44.11,63,100,6.49
28,Abnub,EG,2021-10-06 14:11:02,27.2696,31.1511,87.39,22,0,16.22
29,Iberia,US,2021-10-06 14:11:03,29.9502,-91.7507,73.4,88,1,3.44
30,Kavieng,PG,2021-10-06 14:11:03,-2.5744,150.7967,78.78,82,100,4.07
31,Atuona,PF,2021-10-06 14:11:03,-9.8,-139.0333,78.39,80,89,24.09
32,Bathsheba,BB,2021-10-06 14:11:04,13.2167,-59.5167,85.28,69,22,15.37
33,Albany,US,2021-10-06 14:07:30,42.6001,-73.9662,63.43,95,17,3.42
34,Uvira,CD,2021-10-06 14:11:04,-3.4067,29.1458,79.27,71,45,5.26
35,Chuy,UY,2021-10-06 14:11:04,-33.6971,-53.4616,64.72,55,5,7.49
36,Cidreira,BR,2021-10-06 14:11:04,-30.1811,-50.2056,69.82,65,49,3.8
37,Pathein,MM,2021-10-06 14:11:05,16.7833,94.7333,78.39,89,51,5.44
38,Nikolskoye,RU,2021-10-06 14:11:05,59.7035,30.7861,58.89,58,90,13.53
39,Pevek,RU,2021-10-06 14:11:05,69.7008,170.3133,26.76,83,100,18.19
40,Rocha,UY,2021-10-06 14:11:06,-34.4833,-54.3333,64.04,67,0,14.27
41,San Francisco,US,2021-10-06 14:10:36,37.7749,-122.4194,59.95,88,75,1.01
42,Binzhou,CN,2021-10-06 14:11:06,37.3667,118.0167,54.95,93,100,9.69
43,Koumac,NC,2021-10-06 14:11:06,-20.5667,164.2833,71.53,75,0,10.6
44,Mvuma,ZW,2021-10-06 14:11:06,-19.2792,30.5283,86.11,16,5,11.3
45,Georgetown,MY,2021-10-06 14:10:32,5.4112,100.3354,78.89,92,20,0.0
46,Batticaloa,LK,2021-10-06 14:11:07,7.7102,81.6924,83.55,75,53,5.48
47,Hermanus,ZA,2021-10-06 14:11:07,-34.4187,19.2345,74.8,53,0,18.25
48,Samarai,PG,2021-10-06 14:11:07,-10.6167,150.6667,79.59,84,83,10.18
49,Cabo San Lucas,MX,2021-10-06 14:10:55,22.8909,-109.9124,83.52,67,0,5.1
50,Papetoai,PF,2021-10-06 14:11:08,-17.4961,-149.8729,71.19,64,7,4.27
51,East London,ZA,2021-10-06 14:11:08,-33.0153,27.9116,68.18,73,68,21.54
52,Jamestown,US,2021-10-06 14:06:31,42.097,-79.2353,68.09,88,75,6.91
53,Mahebourg,MU,2021-10-06 14:11:08,-20.4081,57.7,74.25,88,75,8.05
54,Chokurdakh,RU,2021-10-06 14:11:09,70.6333,147.9167,23.14,92,96,11.01
55,Dalmatovo,RU,2021-10-06 14:11:09,56.26,62.9362,43.92,64,35,5.46
56,Iqaluit,CA,2021-10-06 14:11:09,63.7506,-68.5145,34.7,93,100,8.01
57,Srednekolymsk,RU,2021-10-06 14:11:10,67.45,153.6833,16.32,84,74,6.69
58,Constitucion,CL,2021-10-06 14:11:10,-35.3333,-72.4167,58.32,44,0,4.41
59,Saint-Joseph,RE,2021-10-06 14:11:10,-21.3667,55.6167,75.58,82,31,5.08
60,Champasak,LA,2021-10-06 14:11:10,14.75,106.0,73.22,99,100,1.16
61,Prince Rupert,CA,2021-10-06 14:11:11,54.3161,-130.3201,42.98,85,7,1.9
62,Vaini,TO,2021-10-06 14:11:11,-21.2,-175.2,73.56,88,75,6.91
63,Shirokiy,RU,2021-10-06 14:11:11,49.758,129.523,36.07,78,14,2.44
64,Saskylakh,RU,2021-10-06 14:11:12,71.9167,114.0833,25.07,97,100,9.95
65,Cockburn Town,TC,2021-10-06 14:11:12,21.4612,-71.1419,83.39,74,8,22.57
66,Butaritari,KI,2021-10-06 14:11:12,3.0707,172.7902,81.39,72,19,13.76
67,West Wendover,US,2021-10-06 14:11:12,40.7391,-114.0733,45.61,81,1,0.0
68,New Norfolk,AU,2021-10-06 14:11:13,-42.7826,147.0587,53.1,67,100,1.01
69,Puerto Del Rosario,ES,2021-10-06 14:11:13,28.5004,-13.8627,80.28,69,20,8.05
70,Ullapool,GB,2021-10-06 14:11:13,57.8987,-5.1604,55.94,62,57,6.08
71,Mar Del Plata,AR,2021-10-06 14:11:14,-38.0023,-57.5575,52.12,65,40,24.0
72,Sitka,US,2021-10-06 14:11:14,57.0531,-135.33,35.49,80,1,4.61
73,Salalah,OM,2021-10-06 14:11:14,17.0151,54.0924,80.69,89,90,9.22
74,Kapaa,US,2021-10-06 14:11:14,22.0752,-159.319,77.11,80,1,1.99
75,Carnarvon,AU,2021-10-06 14:11:15,-24.8667,113.6333,64.47,72,0,23.02
76,Busselton,AU,2021-10-06 14:11:15,-33.65,115.3333,47.08,70,100,6.76
77,Arraial Do Cabo,BR,2021-10-06 14:11:15,-22.9661,-42.0278,75.06,73,40,13.8
78,Upernavik,GL,2021-10-06 14:10:32,72.7868,-56.1549,31.77,52,100,4.59
79,Gat,IL,2021-10-06 14:11:16,31.61,34.7642,82.4,42,0,14.18
80,Nhulunbuy,AU,2021-10-06 14:11:16,-12.2333,136.7667,77.61,88,100,0.0
81,Pisco,PE,2021-10-06 14:11:16,-13.7,-76.2167,66.25,77,36,4.61
82,Komsomolskiy,UZ,2021-10-06 14:11:16,40.4272,71.7189,56.62,76,75,4.61
83,Boende,CD,2021-10-06 14:11:17,-0.2167,20.8667,81.18,70,100,3.36
84,Igualada,ES,2021-10-06 14:11:17,41.581,1.6172,72.97,42,66,5.01
85,Los Llanos De Aridane,ES,2021-10-06 14:11:17,28.6585,-17.9182,73.15,81,20,10.36
86,Punta Arenas,CL,2021-10-06 14:11:18,-53.15,-70.9167,50.11,57,40,24.16
87,Haines Junction,CA,2021-10-06 14:11:18,60.7522,-137.5108,27.79,76,15,2.48
88,Severo-Kurilsk,RU,2021-10-06 14:11:18,50.6789,156.125,42.66,72,28,12.33
89,Qaanaaq,GL,2021-10-06 14:11:19,77.484,-69.3632,20.19,70,1,8.03
90,Nanortalik,GL,2021-10-06 14:11:19,60.1432,-45.2371,40.78,58,100,3.38
91,Vostok,RU,2021-10-06 14:11:19,46.4856,135.8833,36.19,77,100,5.14
92,Turtas,RU,2021-10-06 14:11:19,58.9417,69.1325,39.58,87,13,5.79
93,Brae,GB,2021-10-06 14:11:20,60.3964,-1.353,51.71,71,17,10.16
94,Namatanai,PG,2021-10-06 14:11:20,-3.6667,152.4333,78.96,80,100,4.12
95,Buala,SB,2021-10-06 14:11:21,-8.145,159.5921,79.74,81,16,3.96
96,Longyearbyen,SJ,2021-10-06 14:11:21,78.2186,15.6401,33.64,100,75,6.91
97,Sioux Lookout,CA,2021-10-06 14:11:21,50.1001,-91.917,58.19,80,4,9.64
98,Provideniya,RU,2021-10-06 14:11:21,64.3833,-173.3,36.91,98,100,11.16
99,Solnechnyy,RU,2021-10-06 14:11:22,50.7214,136.6319,36.23,58,0,5.61
100,Thompson,CA,2021-10-06 14:11:22,55.7435,-97.8558,44.31,51,52,8.23
101,Rikitea,PF,2021-10-06 14:11:22,-23.1203,-134.9692,73.2,80,100,18.23
102,Lorengau,PG,2021-10-06 14:11:22,-2.0226,147.2712,75.97,89,100,5.5
103,Bengkulu,ID,2021-10-06 14:11:23,-3.8004,102.2655,76.01,90,31,4.43
104,Shumskiy,RU,2021-10-06 14:11:23,54.8318,99.1328,32.58,89,26,2.89
105,Hongjiang,CN,2021-10-06 14:11:23,27.11,109.9956,72.14,78,0,4.43
106,Wajir,KE,2021-10-06 14:08:09,1.7471,40.0573,93.69,27,67,14.41
107,Broome,US,2021-10-06 14:11:24,42.2506,-75.833,65.37,81,90,1.01
108,Morant Bay,JM,2021-10-06 14:11:24,17.8815,-76.4093,85.62,78,96,12.95
109,Tomatlan,MX,2021-10-06 14:11:24,19.9333,-105.25,76.19,83,100,3.02
110,Codrington,AU,2021-10-06 14:11:24,-38.2667,141.9667,48.13,84,94,16.44
111,Kota Kinabalu,MY,2021-10-06 14:09:20,5.9749,116.0724,80.58,89,20,2.3
112,Kaitangata,NZ,2021-10-06 14:11:25,-46.2817,169.8464,48.85,97,97,3.58
113,Taber,CA,2021-10-06 14:08:36,49.8167,-112.1518,58.01,28,100,9.64
114,Ilulissat,GL,2021-10-06 14:11:25,69.2167,-51.1,32.02,55,75,5.75
115,Huarmey,PE,2021-10-06 14:11:25,-10.0681,-78.1522,66.13,80,100,8.9
116,Rundu,NA,2021-10-06 14:11:26,-17.9333,19.7667,89.74,28,99,11.41
117,Abu Samrah,SY,2021-10-06 14:11:26,35.3029,37.1841,76.87,16,0,4.29
118,Bonavista,CA,2021-10-06 14:11:26,48.6499,-53.1147,57.11,65,56,13.78
119,Tema,GH,2021-10-06 14:11:26,5.667,-0.0166,82.94,72,95,12.48
120,Bredasdorp,ZA,2021-10-06 14:11:27,-34.5322,20.0403,74.28,62,0,17.38
121,Deniliquin,AU,2021-10-06 14:11:27,-35.5333,144.9667,60.01,36,59,14.05
122,Haverfordwest,GB,2021-10-06 14:11:27,51.8017,-4.9691,61.56,82,100,5.01
123,Norman Wells,CA,2021-10-06 14:11:27,65.282,-126.8329,19.36,97,37,3.02
124,Sao Fidelis,BR,2021-10-06 14:09:05,-21.6461,-41.7469,75.15,87,100,3.33
125,Teguldet,RU,2021-10-06 14:11:28,57.3064,88.1667,31.01,75,100,3.49
126,Lakota,CI,2021-10-06 14:11:28,5.8528,-5.6883,82.8,83,27,3.42
127,Khatanga,RU,2021-10-06 14:11:28,71.9667,102.5,27.81,97,100,9.82
128,Tasiilaq,GL,2021-10-06 14:11:29,65.6145,-37.6368,35.76,64,0,5.37
129,Kodiak,US,2021-10-06 14:11:29,57.79,-152.4072,45.12,93,100,7.18
130,Singaraja,ID,2021-10-06 14:11:29,-8.112,115.0882,77.97,81,20,7.85
131,Irbeyskoye,RU,2021-10-06 14:11:29,55.6428,95.4522,34.7,65,87,1.57
132,Port Elizabeth,ZA,2021-10-06 14:07:16,-33.918,25.5701,74.1,82,40,19.57
133,Batagay-Alyta,RU,2021-10-06 14:11:30,67.8006,130.4114,25.59,65,100,5.97
134,Nilopolis,BR,2021-10-06 14:11:30,-22.8075,-43.4139,73.08,88,100,4.05
135,Hargeysa,SO,2021-10-06 14:11:30,9.56,44.065,85.17,35,77,9.46
136,Pilar,BR,2021-10-06 14:11:31,-9.5972,-35.9567,85.93,54,99,9.98
137,Kruisfontein,ZA,2021-10-06 14:11:31,-34.0033,24.7314,70.88,59,0,15.99
138,Majene,ID,2021-10-06 14:11:31,-3.5403,118.9707,80.08,83,15,7.65
139,Adrar,MR,2021-10-06 14:11:31,20.5022,-10.0711,102.49,10,16,8.03
140,Mirnyy,RU,2021-10-06 14:11:32,62.5353,113.9611,29.46,67,100,12.06
141,Gold Coast,AU,2021-10-06 14:11:32,-28.0,153.4333,62.71,88,0,1.01
142,Jurado,CO,2021-10-06 14:11:32,7.1053,-77.7641,77.94,93,100,4.92
143,Amlame,TG,2021-10-06 14:11:32,7.4667,0.9,84.6,68,94,5.01
144,Laurel,US,2021-10-06 14:11:33,39.0993,-76.8483,68.63,96,90,1.99
145,La Romana,DO,2021-10-06 14:11:33,18.4273,-68.9728,85.73,74,40,13.8
146,Sangar,RU,2021-10-06 14:11:33,63.9242,127.4739,32.27,99,100,2.86
147,Santa Cruz Cabralia,BR,2021-10-06 14:11:33,-16.2781,-39.0247,80.83,65,40,9.22
148,Torrelavega,ES,2021-10-06 14:11:03,43.3494,-4.0479,67.05,68,70,7.0
149,Ulladulla,AU,2021-10-06 14:11:34,-35.35,150.4667,55.87,64,40,5.73
150,Narsaq,GL,2021-10-06 14:11:34,60.9167,-46.05,46.62,47,100,5.84
151,Lagoa,PT,2021-10-06 14:11:34,39.05,-27.9833,71.33,90,9,19.55
152,Maubeuge,FR,2021-10-06 14:11:35,50.2788,3.9727,53.96,64,100,8.99
153,Tiznit,MA,2021-10-06 14:11:35,29.5833,-9.5,92.07,17,16,8.46
154,Hobyo,SO,2021-10-06 14:11:35,5.3505,48.5268,81.03,75,92,25.55
155,Nabire,ID,2021-10-06 14:11:35,-3.3667,135.4833,77.27,90,100,1.36
156,Poddorye,RU,2021-10-06 14:11:36,57.4695,31.1156,54.39,57,0,10.96
157,Torbay,CA,2021-10-06 14:11:36,47.6666,-52.7314,57.27,71,72,8.01
158,Qaqortoq,GL,2021-10-06 14:11:36,60.7167,-46.0333,46.9,50,100,5.68
159,Manicore,BR,2021-10-06 14:11:37,-5.8092,-61.3003,88.97,50,100,1.68
160,Henties Bay,NA,2021-10-06 14:11:37,-22.116,14.2845,56.86,70,31,9.78
161,San Patricio,US,2021-10-06 14:11:37,28.017,-97.5169,76.82,57,1,1.52
162,Ishigaki,JP,2021-10-06 14:11:38,24.3448,124.1572,83.35,79,12,18.68
163,Kirakira,SB,2021-10-06 14:11:38,-10.4544,161.9205,79.29,84,89,7.96
164,Nemuro,JP,2021-10-06 14:11:38,43.3236,145.575,51.66,71,85,10.65
165,Cherskiy,RU,2021-10-06 14:11:38,68.75,161.3,16.09,96,100,7.25
166,Hofn,IS,2021-10-06 14:11:39,64.2539,-15.2082,41.23,69,86,11.05
167,Pa Sang,TH,2021-10-06 14:11:39,18.5262,98.9394,82.6,92,51,1.32
168,Castro,BR,2021-10-06 14:11:39,-24.7911,-50.0119,74.77,63,76,1.14
169,Zhangjiakou,CN,2021-10-06 14:07:49,40.81,114.8794,45.32,89,100,1.48
170,Kushiro,JP,2021-10-06 14:11:40,42.975,144.3747,46.65,77,93,3.27
171,Manokwari,ID,2021-10-06 14:11:40,-0.8667,134.0833,78.82,82,93,2.39
172,Ribeira Grande,PT,2021-10-06 14:11:40,38.5167,-28.7,75.6,88,40,12.66
173,Cabedelo,BR,2021-10-06 14:11:40,-6.9811,-34.8339,84.87,68,100,14.61
174,Mococa,BR,2021-10-06 14:11:41,-21.4678,-47.0047,85.41,46,3,11.61
175,Niquelandia,BR,2021-10-06 14:11:41,-14.4739,-48.4597,98.15,23,50,5.86
176,Ayan,RU,2021-10-06 14:11:41,56.45,138.1667,37.89,61,54,10.98
177,Snezhnogorsk,RU,2021-10-06 14:11:41,69.1933,33.2531,53.38,77,98,17.02
178,Husavik,IS,2021-10-06 14:11:42,66.0449,-17.3389,37.67,74,17,9.55
179,Ponta Do Sol,PT,2021-10-06 14:11:42,32.6667,-17.1,80.71,66,100,2.98
180,Sarahan,IN,2021-10-06 14:11:42,31.5167,77.8,57.56,69,0,3.06
181,Pangody,RU,2021-10-06 14:11:43,65.85,74.4859,42.66,79,30,20.49
182,Puerto Escondido,MX,2021-10-06 14:11:43,15.85,-97.0667,79.63,73,1,6.91
183,Raahe,FI,2021-10-06 14:11:43,64.6833,24.4833,50.09,86,100,16.28
184,Kutum,SD,2021-10-06 14:11:44,14.2,24.6667,87.87,15,97,3.51
185,Carthage,TN,2021-10-06 14:11:44,36.8611,10.3316,80.13,41,40,18.41
186,Tiksi,RU,2021-10-06 14:11:44,71.6872,128.8694,24.37,89,100,1.83
187,Boyabat,TR,2021-10-06 14:11:44,41.4689,34.7667,57.2,58,64,5.19
188,Laguna,US,2021-10-06 14:11:45,38.421,-121.4238,62.42,85,1,1.01
189,Ahipara,NZ,2021-10-06 14:11:45,-35.1667,173.1667,60.08,92,100,6.76
190,Jimenez,MX,2021-10-06 14:11:45,28.3333,-105.4,67.1,51,95,5.39
191,Lydenburg,ZA,2021-10-06 14:11:46,-25.0978,30.4597,70.39,69,90,5.79
192,Umm Lajj,SA,2021-10-06 14:11:46,25.0213,37.2685,83.62,67,0,13.76
193,Robstown,US,2021-10-06 14:11:46,27.7903,-97.6689,76.75,82,1,0.0
194,Bulgan,MN,2021-10-06 14:11:46,48.8125,103.5347,41.34,52,40,1.9
195,Bulawayo,ZW,2021-10-06 14:11:47,-20.15,28.5833,88.97,15,11,7.52
196,Pierre,US,2021-10-06 14:08:07,44.3683,-100.351,62.06,75,1,1.99
197,Palana,RU,2021-10-06 14:11:47,59.1167,159.9667,29.98,88,100,13.71
198,Aswan,EG,2021-10-06 14:11:47,24.0934,32.907,95.22,14,0,11.18
199,Reconquista,AR,2021-10-06 14:11:48,-29.15,-59.65,69.98,49,100,4.92
200,Ottawa,CA,2021-10-06 14:09:10,45.4112,-75.6981,58.42,95,2,1.57
201,Novi Sanzhary,UA,2021-10-06 14:11:48,49.3439,34.3108,53.98,25,0,14.29
202,Lakes Entrance,AU,2021-10-06 14:11:48,-37.8811,147.981,53.17,68,100,9.48
203,Mogadishu,SO,2021-10-06 14:11:49,2.0371,45.3438,78.94,78,100,17.09
204,Sao Borja,BR,2021-10-06 14:11:49,-28.6606,-56.0044,70.95,69,100,0.67
205,Abha,SA,2021-10-06 14:11:49,18.2164,42.5053,71.85,53,40,14.97
206,Faya,SA,2021-10-06 14:11:49,18.3851,42.4509,72.12,43,78,7.54
207,Hobart,AU,2021-10-06 14:11:50,-42.8794,147.3294,53.46,69,90,5.01
208,Victoria,HK,2021-10-06 14:11:05,22.2855,114.1577,88.21,78,27,1.01
209,Siniscola,IT,2021-10-06 14:11:50,40.5719,9.6922,72.95,43,95,18.7
210,Hasaki,JP,2021-10-06 14:11:50,35.7333,140.8333,68.4,76,100,15.43
211,Berlevag,NO,2021-10-06 14:11:50,70.8578,29.0864,44.6,78,43,19.08
212,Tuatapere,NZ,2021-10-06 14:11:51,-46.1333,167.6833,52.83,96,29,4.18
213,Roald,NO,2021-10-06 14:11:51,62.5833,6.1333,62.17,82,75,3.44
214,Santo Augusto,BR,2021-10-06 14:11:51,-27.8508,-53.7772,67.48,91,100,5.01
215,Altamira,BR,2021-10-06 14:11:52,-3.2033,-52.2064,94.46,40,10,4.21
216,Tabas,IR,2021-10-06 14:11:52,33.5959,56.9244,86.61,12,0,5.77
217,Abu Kamal,SY,2021-10-06 14:11:52,34.4506,40.9171,83.57,19,0,8.99
218,Mount Isa,AU,2021-10-06 14:11:53,-20.7333,139.5,71.37,26,5,2.3
219,Camopi,GF,2021-10-06 14:11:53,3.1655,-52.3158,91.2,48,95,4.36
220,Hamilton,US,2021-10-06 14:11:53,39.1834,-84.5333,71.37,88,75,1.01
221,Praia Da Vitoria,PT,2021-10-06 14:11:53,38.7333,-27.0667,75.45,88,75,19.82
222,Klyuchi,RU,2021-10-06 14:11:54,52.2667,79.1667,36.05,98,100,7.76
223,Bandarbeyla,SO,2021-10-06 14:11:54,9.4942,50.8122,80.64,78,1,19.08
224,Denpasar,ID,2021-10-06 14:11:54,-8.65,115.2167,78.46,78,40,3.44
225,Skibbereen,IE,2021-10-06 14:11:54,51.55,-9.2667,60.6,94,100,13.56
226,Cairns,AU,2021-10-06 14:08:39,-16.9167,145.7667,75.15,89,75,3.44
227,Cap Malheureux,MU,2021-10-06 14:11:55,-19.9842,57.6142,74.46,73,19,4.0
228,Oktyabrskiy,RU,2021-10-06 14:11:55,54.4815,53.471,41.5,68,69,5.68
229,Grong,NO,2021-10-06 14:11:55,64.4654,12.3149,49.28,93,100,3.67
230,Faanui,PF,2021-10-06 14:11:56,-16.4833,-151.75,78.76,65,8,12.26
231,Craig,US,2021-10-06 14:09:53,40.5153,-107.5464,48.54,76,90,0.0
232,Meulaboh,ID,2021-10-06 14:11:56,4.1363,96.1285,78.31,87,100,5.28
233,Wilmington,US,2021-10-06 14:10:04,34.2257,-77.9447,79.92,83,1,9.22
234,Port Macquarie,AU,2021-10-06 14:11:56,-31.4333,152.9167,50.9,79,0,8.19
235,Svetlyy,RU,2021-10-06 14:11:57,54.675,20.1347,59.05,61,100,13.42
236,Vardo,NO,2021-10-06 14:11:57,70.3705,31.1107,50.2,76,0,5.75
237,Palauig,PH,2021-10-06 14:11:57,15.435,119.9045,77.65,90,100,12.08
238,San Ramon,US,2021-10-06 14:11:57,37.7799,-121.978,59.43,88,1,4.0
239,Tartagal,AR,2021-10-06 14:11:58,-22.5164,-63.8013,78.51,41,100,5.99
240,Gamba,GA,2021-10-06 14:11:58,-2.65,10.0,80.33,68,45,13.31
241,Plettenberg Bay,ZA,2021-10-06 14:11:58,-34.0527,23.3716,65.68,73,7,12.17
242,Bilibino,RU,2021-10-06 14:11:59,68.0546,166.4372,1.08,99,98,1.61
243,Vysokogornyy,RU,2021-10-06 14:11:59,50.1167,139.15,29.7,93,10,2.95
244,Mount Gambier,AU,2021-10-06 14:11:59,-37.8333,140.7667,46.27,74,33,10.33
245,Udachnyy,RU,2021-10-06 14:11:59,66.4167,112.4,27.68,86,90,17.45
246,Mayo,US,2021-10-06 14:12:00,38.8876,-76.5119,69.78,93,90,8.01
247,Taoudenni,ML,2021-10-06 14:12:00,22.6783,-3.9836,108.19,5,7,10.8
248,Bambous Virieux,MU,2021-10-06 14:12:00,-20.3428,57.7575,74.21,88,75,8.05
249,Avera,US,2021-10-06 14:12:01,33.194,-82.5271,75.07,93,84,7.54
250,Itarema,BR,2021-10-06 14:12:01,-2.9248,-39.9167,89.69,52,20,16.96
251,Saldanha,ZA,2021-10-06 14:12:01,-33.0117,17.9442,68.13,55,12,12.91
252,Saint George,US,2021-10-06 14:11:16,37.1041,-113.5841,61.54,76,90,3.0
253,Potosi,BO,2021-10-06 14:12:02,-19.5836,-65.7531,54.64,27,64,3.2
254,Aljezur,PT,2021-10-06 14:12:02,37.3191,-8.8033,81.12,44,68,5.64
255,Hithadhoo,MV,2021-10-06 14:12:02,-0.6,73.0833,83.8,74,93,13.8
256,Vestmannaeyjar,IS,2021-10-06 14:12:03,63.4427,-20.2734,43.79,75,20,31.07
257,Saint-Philippe,RE,2021-10-06 14:12:03,-21.3585,55.7679,76.59,84,58,3.22
258,Ancud,CL,2021-10-06 14:12:03,-41.8697,-73.8203,51.33,48,0,7.92
259,Saint-Pierre,RE,2021-10-06 14:12:03,-21.3393,55.4781,76.68,76,75,10.36
260,Trebisacce,IT,2021-10-06 14:12:04,39.8708,16.5312,77.52,37,44,5.97
261,Yen Bai,VN,2021-10-06 14:12:04,21.7,104.8667,78.82,83,76,2.68
262,Lae,PG,2021-10-06 14:12:04,-6.7221,146.9847,76.5,84,97,1.34
263,Knysna,ZA,2021-10-06 14:12:05,-34.0363,23.0471,69.85,61,0,10.04
264,Geraldton,AU,2021-10-06 14:12:05,-28.7667,114.6,59.41,72,0,11.5
265,Pontes E Lacerda,BR,2021-10-06 14:07:39,-15.2261,-59.3353,91.0,45,94,3.71
266,Yabelo,ET,2021-10-06 14:12:05,4.8833,38.0833,71.53,45,63,6.76
267,Yerkoy,TR,2021-10-06 14:12:06,39.6381,34.4672,61.47,40,52,9.55
268,Anadyr,RU,2021-10-06 14:12:06,64.75,177.4833,32.0,95,92,5.99
269,Calabozo,VE,2021-10-06 14:12:06,8.9242,-67.4293,87.12,53,82,11.01
270,Aginskoye,RU,2021-10-06 14:12:07,51.1,114.53,39.92,71,93,3.96
271,Igarka,RU,2021-10-06 14:12:07,67.4667,86.5833,37.6,98,100,15.75
272,Alice Springs,AU,2021-10-06 14:07:49,-23.7,133.8833,71.15,73,75,8.05
273,Vila,PT,2021-10-06 14:12:07,42.0304,-8.1588,68.74,59,5,3.6
274,Hualmay,PE,2021-10-06 14:12:08,-11.0964,-77.6139,64.89,80,92,7.23
275,Atar,MR,2021-10-06 14:12:08,20.5169,-13.0499,106.11,8,36,13.2
276,Mbulu,TZ,2021-10-06 14:12:08,-3.85,35.5333,77.77,25,86,10.11
277,Talcahuano,CL,2021-10-06 14:12:09,-36.7167,-73.1167,56.88,38,0,9.22
278,Miri,MY,2021-10-06 14:12:09,4.4148,114.0089,80.08,84,100,5.03
279,Balabac,PH,2021-10-06 14:12:10,7.9868,117.0645,82.78,78,99,13.04
280,La Cruz,MX,2021-10-06 14:12:10,23.9167,-106.9,77.72,80,57,3.51
281,Arlit,NE,2021-10-06 14:12:10,18.7369,7.3853,100.71,7,0,12.57
282,Avarua,CK,2021-10-06 14:12:10,-21.2078,-159.775,71.65,83,6,3.44
283,Palmerston,AU,2021-10-06 14:12:11,-12.486,130.9833,82.38,83,40,6.91
284,Talnakh,RU,2021-10-06 14:12:11,69.4865,88.3972,36.66,100,100,8.75
285,San Jose,US,2021-10-06 14:10:45,37.3394,-121.895,60.57,85,75,0.0
286,Dustlik,UZ,2021-10-06 14:12:11,40.5247,68.0358,54.73,28,1,8.25
287,Buritizeiro,BR,2021-10-06 14:12:12,-17.3511,-44.9622,93.02,29,8,9.51
288,Ust-Tsilma,RU,2021-10-06 14:12:12,65.441,52.1498,47.3,78,100,9.37
289,Asau,RO,2021-10-06 14:12:12,46.4333,26.4,59.4,49,9,9.15
290,Lesnoye,RU,2021-10-06 14:12:13,58.2841,35.5158,51.19,67,3,6.69
291,Santo Tomas,PH,2021-10-06 14:12:13,14.1079,121.1414,79.56,97,100,3.6
292,Saint-Augustin,CA,2021-10-06 14:12:13,51.226,-58.6502,57.6,57,73,15.95
293,Hami,CN,2021-10-06 14:12:13,42.8,93.45,62.6,22,66,7.34
294,Guerrero Negro,MX,2021-10-06 14:12:14,27.9769,-114.0611,68.63,77,0,13.89
295,Porbandar,IN,2021-10-06 14:12:14,21.6422,69.6093,84.56,74,31,12.06
296,Margherita,IN,2021-10-06 14:12:14,27.2833,95.6833,75.45,90,0,2.28
297,Buraydah,SA,2021-10-06 14:09:07,26.326,43.975,98.76,11,0,6.76
298,Crisan,RO,2021-10-06 14:12:15,44.9667,29.4667,59.59,61,100,15.3
299,Xai-Xai,MZ,2021-10-06 14:12:15,-25.0519,33.6442,75.34,70,39,14.2
300,Katsuura,JP,2021-10-06 14:12:15,35.1333,140.3,71.19,78,99,14.05
301,Steinbach,DE,2021-10-06 14:12:15,50.1667,8.5667,57.58,80,75,9.22
302,Eskisehir,TR,2021-10-06 14:08:52,39.7767,30.5206,62.51,39,20,4.61
303,Kloulklubed,PW,2021-10-06 14:12:16,7.0419,134.2556,82.9,73,100,15.61
304,Goderich,CA,2021-10-06 14:12:16,43.7501,-81.7165,64.9,82,0,8.19
305,Aldergrove,CA,2021-10-06 14:12:16,49.058,-122.4709,50.0,92,100,1.43
306,Marfino,RU,2021-10-06 14:12:17,55.7028,37.3822,53.85,43,0,8.95
307,Ardakan,IR,2021-10-06 14:12:17,32.31,54.0175,88.47,12,0,5.37
308,Esperance,AU,2021-10-06 14:12:17,-33.8667,121.9,50.72,65,9,4.85
309,Deputatskiy,RU,2021-10-06 14:12:18,69.3,139.9,20.43,88,100,9.78
310,Veraval,IN,2021-10-06 14:12:18,20.9,70.3667,83.71,81,100,11.61
311,Wajid,SO,2021-10-06 14:12:18,3.8093,43.2471,92.3,30,95,16.58
312,Chute-Aux-Outardes,CA,2021-10-06 14:12:18,49.1168,-68.399,55.58,68,42,7.72
313,Pinotepa Nacional,MX,2021-10-06 14:12:19,16.3167,-98.0167,76.28,89,58,3.15
314,Aksha,RU,2021-10-06 14:12:19,50.2814,113.2867,40.98,74,98,3.49
315,Zlobin,HR,2021-10-06 14:12:19,45.2924,14.6541,55.38,91,75,6.91
316,Cayenne,GF,2021-10-06 14:12:19,4.9333,-52.3333,87.84,78,20,1.99
317,Charters Towers,AU,2021-10-06 14:12:20,-20.1,146.2667,69.94,87,22,12.64
318,Madimba,TZ,2021-10-06 14:12:20,-10.4,40.3333,81.39,63,24,8.61
319,Severnyy,RU,2021-10-06 14:12:20,50.677,36.5532,50.04,34,0,15.66
320,Saint Anthony,US,2021-10-06 14:12:21,45.0205,-93.218,61.75,92,1,1.01
321,Lompoc,US,2021-10-06 14:12:21,34.6391,-120.4579,60.57,91,90,0.0
322,Rio Grande,BR,2021-10-06 14:12:21,-32.035,-52.0986,71.94,65,49,2.82
323,Loubomo,CG,2021-10-06 14:12:21,-4.1997,12.6739,85.89,50,100,4.29
324,Moose Factory,CA,2021-10-06 14:12:22,51.2585,-80.6094,56.75,77,100,6.51
325,Gasa,PS,2021-10-06 14:10:11,31.5,34.4667,80.58,48,0,13.71
326,Aklavik,CA,2021-10-06 14:12:22,68.2191,-135.0107,22.41,87,100,5.73
327,North Bend,US,2021-10-06 14:12:22,43.4065,-124.2243,49.86,99,90,9.22
328,Coquimbo,CL,2021-10-06 14:12:22,-29.9533,-71.3436,55.13,82,90,6.91
329,Riohacha,CO,2021-10-06 14:12:23,11.5444,-72.9072,86.49,68,100,17.52
330,Elk Point,US,2021-10-06 14:12:23,42.6833,-96.6836,59.18,84,0,8.66
331,Ranong,TH,2021-10-06 14:12:23,9.9658,98.6348,77.94,89,100,13.49
332,Dingle,PH,2021-10-06 14:12:24,10.9995,122.6711,76.6,88,100,1.97
333,Matara,LK,2021-10-06 14:12:24,5.9485,80.5353,78.6,88,26,8.97
334,Miraflores,MX,2021-10-06 14:12:24,19.2167,-98.8083,59.04,90,38,3.38
335,Yinchuan,CN,2021-10-06 14:08:40,38.4681,106.2731,57.79,55,15,5.73
336,Port Pirie,AU,2021-10-06 14:12:24,-33.1833,138.0167,57.29,81,70,13.65
337,Pangnirtung,CA,2021-10-06 14:12:25,66.1451,-65.7125,41.59,55,100,10.96
338,Mahon,ES,2021-10-06 14:12:25,39.8885,4.2658,68.56,60,20,21.85
339,Bairiki,KI,2021-10-06 14:12:25,1.3292,172.9752,80.6,78,40,6.91
340,Comrie,GB,2021-10-06 14:12:25,56.3791,-3.9949,56.89,66,95,4.99
341,Athabasca,CA,2021-10-06 14:12:26,54.7169,-113.2854,38.14,63,100,4.94
342,Fare,PF,2021-10-06 14:12:26,-16.7,-151.0167,77.79,67,3,11.54
343,Jasper,US,2021-10-06 14:12:26,37.2001,-94.3502,62.53,95,90,4.61
344,Genhe,CN,2021-10-06 14:12:27,50.7833,121.5167,34.83,81,100,3.96
345,Nurota,UZ,2021-10-06 14:12:27,40.5614,65.6886,55.49,24,7,17.27
346,Gorontalo,ID,2021-10-06 14:12:27,0.5412,123.0595,75.27,89,30,3.04
347,Oranjemund,NA,2021-10-06 14:12:27,-28.55,16.4333,66.78,49,0,10.87
348,Grand Gaube,MU,2021-10-06 14:12:28,-20.0064,57.6608,74.37,73,23,4.0
349,Gaoual,GN,2021-10-06 14:12:28,11.75,-13.2,92.59,52,26,2.77
350,Road Town,VG,2021-10-06 14:09:31,18.4167,-64.6167,87.89,71,58,19.17
351,Touros,BR,2021-10-06 14:12:28,-5.1989,-35.4608,88.7,57,100,17.18
352,Marystown,CA,2021-10-06 14:12:28,47.1666,-55.1483,56.86,100,42,8.01
353,Saint-Avertin,FR,2021-10-06 14:12:29,47.3636,0.7399,62.78,58,75,9.22
354,Kirzhach,RU,2021-10-06 14:12:29,56.15,38.8667,46.9,66,26,4.25
355,Paranaiba,BR,2021-10-06 14:12:29,-19.6772,-51.1908,91.09,40,73,5.66
356,Keti Bandar,PK,2021-10-06 14:12:30,24.1447,67.4497,81.9,74,10,8.48
357,Chulman,RU,2021-10-06 14:12:30,56.8479,124.9104,22.87,89,95,3.0
358,Brufut,GM,2021-10-06 14:12:30,13.3814,-16.7518,85.35,60,99,2.98
359,Yatou,CN,2021-10-06 14:12:30,37.15,122.3833,60.94,86,98,12.37
360,High Level,CA,2021-10-06 14:12:31,58.5169,-117.136,34.97,97,100,4.61
361,Bilma,NE,2021-10-06 14:12:31,18.6853,12.9164,95.97,9,0,2.68
362,Walvis Bay,NA,2021-10-06 14:12:31,-22.9575,14.5053,57.09,53,36,14.7
363,Kampot,KH,2021-10-06 14:12:31,10.6167,104.1833,75.25,90,100,3.87
364,Arcata,US,2021-10-06 14:12:32,40.8665,-124.0828,49.68,97,1,4.61
365,Westport,US,2021-10-06 14:12:32,41.1415,-73.3579,65.91,84,90,3.0
366,Fort Saint James,CA,2021-10-06 14:12:32,54.4333,-124.25,32.47,99,100,2.24
367,Whitehorse,CA,2021-10-06 14:12:32,60.7161,-135.0538,21.31,85,12,4.0
368,Raudeberg,NO,2021-10-06 14:12:33,61.9875,5.1352,56.19,85,100,9.57
369,Great Falls,US,2021-10-06 14:12:33,47.5002,-111.3008,71.42,31,40,1.01
370,Nuuk,GL,2021-10-06 14:12:33,64.1835,-51.7216,38.01,70,75,8.05
371,Storforshei,NO,2021-10-06 14:12:34,66.4043,14.5233,49.78,87,0,2.3
372,Skjervoy,NO,2021-10-06 14:12:34,70.0311,20.9714,46.4,78,100,12.37
373,Djambala,CG,2021-10-06 14:12:34,-2.5447,14.7533,78.6,66,100,1.52
374,Morros,BR,2021-10-06 14:12:34,-9.4467,-46.3003,97.88,18,96,8.48
375,Borogontsy,RU,2021-10-06 14:12:35,62.6683,131.1683,30.54,87,87,5.99
376,Ostrovnoy,RU,2021-10-06 14:12:35,68.0531,39.5131,49.95,84,100,23.47
377,Port Hardy,CA,2021-10-06 14:12:35,50.6996,-127.4199,45.93,91,100,3.71
378,Acapulco,MX,2021-10-06 14:10:31,16.8634,-99.8901,78.62,78,40,5.75
379,Berdigestyakh,RU,2021-10-06 14:12:35,62.0989,126.6992,29.95,92,75,6.76
380,Banda Aceh,ID,2021-10-06 14:12:36,5.5577,95.3222,79.47,81,100,7.92
381,Munirabad,IN,2021-10-06 14:12:36,15.3333,76.3333,78.73,80,84,8.9
382,Havelock,US,2021-10-06 14:12:36,34.8791,-76.9013,78.78,87,100,5.99
383,Nizwa,OM,2021-10-06 14:12:37,22.9333,57.5333,91.53,32,0,3.8
384,Brownwood,US,2021-10-06 14:08:46,31.7093,-98.9912,67.77,88,90,0.0
385,Padang,ID,2021-10-06 14:12:37,-0.9492,100.3543,78.85,84,53,1.7
386,Sharjah,AE,2021-10-06 14:12:37,25.3573,55.4033,93.54,58,0,8.05
387,Te Anau,NZ,2021-10-06 14:12:38,-45.4167,167.7167,43.61,94,30,0.83
388,Hambantota,LK,2021-10-06 14:12:38,6.1241,81.1185,80.71,82,61,16.08
389,Tahta,EG,2021-10-06 14:12:38,26.7693,31.5021,88.34,19,0,17.49
390,Norden,DE,2021-10-06 14:12:38,53.6,7.2,58.98,74,70,8.7
391,Shimoda,JP,2021-10-06 14:12:39,34.6667,138.95,68.11,86,95,13.31
392,Soderhamn,SE,2021-10-06 14:12:39,61.3037,17.0592,58.73,96,100,10.07
393,Peniche,PT,2021-10-06 14:12:39,39.3558,-9.3811,86.74,67,0,12.08
394,Caravelas,BR,2021-10-06 14:12:40,-17.7125,-39.2481,82.29,61,55,7.78
395,Goure,NE,2021-10-06 14:12:40,13.9835,10.2704,100.02,12,100,10.47
396,Karaidel,RU,2021-10-06 14:12:40,55.8337,56.9069,38.44,80,83,3.89
397,Vidin,BG,2021-10-06 14:12:40,43.99,22.8725,62.65,33,97,16.87
398,Shasta Lake,US,2021-10-06 14:12:41,40.6804,-122.3708,61.16,57,100,2.48
399,Shizunai,JP,2021-10-06 14:11:25,42.3339,142.3669,51.35,67,93,9.78
400,Sao Filipe,CV,2021-10-06 14:12:41,14.8961,-24.4956,81.12,67,25,12.95
401,Simao,CN,2021-10-06 14:12:41,22.7886,100.9748,68.99,79,99,2.42
402,Tautira,PF,2021-10-06 14:12:41,-17.7333,-149.15,71.62,78,18,10.0
403,Kadaya,RU,2021-10-06 14:12:16,50.9327,119.2911,39.74,80,100,8.16
404,Kahului,US,2021-10-06 14:12:42,20.8947,-156.47,75.22,83,1,13.8
405,Nalut,LY,2021-10-06 14:12:42,30.3333,10.85,91.74,15,0,8.61
406,Strezhevoy,RU,2021-10-06 14:12:42,60.7333,77.5889,35.58,93,73,8.59
407,Baruun-Urt,MN,2021-10-06 14:12:43,46.6806,113.2792,42.04,48,5,8.16
408,Rio Claro,BR,2021-10-06 14:12:43,-22.4114,-47.5614,86.79,50,4,3.33
409,Bud,US,2021-10-06 14:12:43,39.447,-86.1758,68.25,91,100,6.62
410,Rawson,AR,2021-10-06 14:08:07,-43.3002,-65.1023,51.1,30,0,7.85
411,Leshukonskoye,RU,2021-10-06 14:12:43,64.8989,45.7622,48.11,72,100,11.05
412,Alta Floresta,BR,2021-10-06 14:12:44,-9.8756,-56.0861,92.84,43,60,2.19
413,Westlock,CA,2021-10-06 14:12:44,54.1502,-113.8688,37.35,63,100,6.8
414,Lagunillas,VE,2021-10-06 14:12:44,10.1301,-71.2595,85.57,71,100,10.56
415,Alberton,CA,2021-10-06 14:12:45,46.8168,-64.0654,57.94,63,47,12.44
416,Gualeguay,AR,2021-10-06 14:12:45,-33.1416,-59.3097,64.31,55,0,15.5
417,Rosario,AR,2021-10-06 14:12:45,-32.9468,-60.6393,64.94,61,20,1.99
418,Ibra,OM,2021-10-06 14:12:45,22.6906,58.5334,92.88,26,0,7.61
419,Energetik,RU,2021-10-06 14:12:46,51.7445,58.7934,41.56,55,37,4.65
420,Margate,GB,2021-10-06 14:12:46,51.3813,1.3862,63.97,65,81,5.01
421,Coolum Beach,AU,2021-10-06 14:12:46,-26.5333,153.1,59.34,93,0,0.96
422,Fortuna,US,2021-10-06 14:12:46,40.5982,-124.1573,49.42,50,1,4.61
423,Aripuana,BR,2021-10-06 14:12:47,-9.1667,-60.6333,90.45,52,97,0.85
424,Aykhal,RU,2021-10-06 14:12:47,66.0,111.5,25.14,93,100,20.87
425,Vidim,RU,2021-10-06 14:12:47,56.4088,103.1106,28.6,77,50,1.74
426,Desaguadero,PE,2021-10-06 14:12:47,-16.5656,-69.0417,46.02,70,94,0.81
427,Zhangye,CN,2021-10-06 14:12:48,38.9342,100.4517,59.76,36,93,7.0
428,Batemans Bay,AU,2021-10-06 14:12:48,-35.7167,150.1833,56.1,77,59,4.79
429,Belaya Gora,RU,2021-10-06 14:12:48,68.5333,146.4167,19.81,77,60,7.43
430,Port Shepstone,ZA,2021-10-06 14:12:49,-30.7414,30.455,66.87,79,100,15.26
431,Mkushi,ZM,2021-10-06 14:12:49,-13.6202,29.3939,86.5,24,11,10.69
432,Pasighat,IN,2021-10-06 14:12:49,28.0667,95.3333,76.17,89,1,3.13
433,Moravita,RO,2021-10-06 14:12:49,45.2558,21.2703,64.69,45,0,35.68
434,Natal,BR,2021-10-06 14:08:55,-5.795,-35.2094,88.45,58,75,16.11
435,Laguna De Perlas,NI,2021-10-06 14:12:50,12.3429,-83.6712,81.55,84,99,5.97
436,Creel,MX,2021-10-06 14:12:50,27.75,-107.6333,55.51,69,32,3.36
437,Byron Bay,AU,2021-10-06 14:12:50,-28.65,153.6167,59.88,73,0,4.43
438,Khandyga,RU,2021-10-06 14:12:50,62.6667,135.6,26.26,97,99,3.47
439,Tecoanapa,MX,2021-10-06 14:12:51,16.5167,-98.75,78.84,85,56,3.44
440,Cuyamel,HN,2021-10-06 14:12:51,15.6667,-88.2,80.62,87,35,4.76
441,Bay-Khaak,RU,2021-10-06 14:12:51,51.1667,94.5,41.22,48,100,2.44
442,Montrose,US,2021-10-06 14:12:51,38.4166,-108.2673,43.14,88,100,3.04
443,San Carlos,VE,2021-10-06 14:12:52,9.6612,-68.5827,85.06,63,99,4.45
444,Itubera,BR,2021-10-06 14:12:52,-13.7322,-39.1492,85.08,51,67,7.23
445,Roseburg,US,2021-10-06 14:12:52,43.2165,-123.3417,46.51,96,90,0.0
446,Usinsk,RU,2021-10-06 14:12:53,65.9939,57.5281,44.71,79,100,16.4
447,Clarence Town,AU,2021-10-06 14:12:53,-32.5833,151.7833,54.86,56,26,2.95
448,Canora,CA,2021-10-06 14:12:53,51.6333,-102.4343,48.22,33,100,5.99
449,Ixtapa,MX,2021-10-06 14:12:53,20.7,-105.2,80.22,94,75,3.44
450,Ahuimanu,US,2021-10-06 14:12:54,21.4447,-157.8378,78.51,73,40,9.22
451,Mae Ramat,TH,2021-10-06 14:12:54,16.984,98.5166,74.89,96,66,0.96
452,Havre-Saint-Pierre,CA,2021-10-06 14:12:54,50.2334,-63.5986,54.01,67,86,12.17
453,Sexsmith,CA,2021-10-06 14:12:54,55.35,-118.786,34.95,93,90,3.44
454,Eureka,US,2021-10-06 14:12:55,40.8021,-124.1637,49.68,98,96,6.93
455,Kodinsk,RU,2021-10-06 14:12:55,58.6881,99.1844,28.15,81,72,4.63
456,Barcelos,PT,2021-10-06 14:08:31,41.5388,-8.6151,78.69,46,3,4.59
457,Shadrinsk,RU,2021-10-06 14:12:55,56.0852,63.6335,43.47,64,54,5.99
458,Mastic Beach,US,2021-10-06 14:12:56,40.7668,-72.8521,66.13,78,90,4.0
459,Kieta,PG,2021-10-06 14:12:56,-6.2167,155.6333,78.46,85,43,2.46
460,Arman,RU,2021-10-06 14:12:56,59.7,150.1667,25.07,55,0,6.67
461,Channel-Port Aux Basques,CA,2021-10-06 14:12:56,47.5702,-59.1367,57.7,76,29,15.39
462,Boralday,KZ,2021-10-06 14:12:57,43.3578,76.8594,35.46,75,90,4.47
463,Kamenka,RU,2021-10-06 14:12:57,51.3223,42.7678,46.78,37,100,8.03
464,Nome,US,2021-10-06 14:12:57,64.5011,-165.4064,42.87,87,90,10.36
465,Yumen,CN,2021-10-06 14:12:58,40.2833,97.2,54.34,38,17,12.06
466,Fereydunshahr,IR,2021-10-06 14:12:58,32.941,50.121,61.38,28,62,12.1
467,Winnemucca,US,2021-10-06 14:12:58,40.973,-117.7357,58.1,45,20,3.44
468,Vila Franca Do Campo,PT,2021-10-06 14:12:58,37.7167,-25.4333,75.61,88,88,12.97
469,Saint Paul,US,2021-10-06 14:12:59,44.9444,-93.0933,61.75,93,40,1.01
470,Axim,GH,2021-10-06 14:12:59,4.8699,-2.2405,83.43,71,82,8.1
471,Roma,US,2021-10-06 14:09:55,43.2128,-75.4557,64.96,89,90,3.44
472,Ouahigouya,BF,2021-10-06 14:12:59,13.5828,-2.4216,102.6,16,2,11.97
473,Sirsa,IN,2021-10-06 14:12:59,29.5333,75.0167,87.15,37,0,5.03
474,Yulara,AU,2021-10-06 14:13:00,-25.2406,130.9889,70.07,31,44,21.18
475,Elizabeth City,US,2021-10-06 14:10:58,36.2946,-76.2511,77.05,95,40,1.01
476,Selma,US,2021-10-06 14:12:42,36.5708,-119.6121,60.85,71,40,3.44
477,Karasjok,NO,2021-10-06 14:13:00,69.4719,25.5112,51.91,75,100,7.43
478,Evensk,RU,2021-10-06 14:13:00,61.95,159.2333,26.85,55,100,8.14
479,George Town,MY,2021-10-06 14:09:05,5.4112,100.3354,78.89,92,20,0.0
480,Comodoro Rivadavia,AR,2021-10-06 14:13:01,-45.8667,-67.5,53.46,32,0,17.27
481,Batken,KG,2021-10-06 14:13:01,39.8333,71.0,43.52,68,65,1.7
482,San Cristobal,VE,2021-10-06 14:13:01,7.7669,-72.225,75.38,71,100,7.14
483,Mongo,TD,2021-10-06 14:13:02,12.1844,18.693,96.49,16,53,1.7
484,Andenes,NO,2021-10-06 14:13:02,69.3143,16.1194,47.07,81,75,3.44
485,Kongoussi,BF,2021-10-06 14:13:02,13.3258,-1.5347,102.94,15,10,12.48
486,Mezen,RU,2021-10-06 14:13:03,65.8522,44.24,48.78,72,100,10.36
487,Sorland,NO,2021-10-06 14:13:03,67.667,12.6934,48.27,87,75,13.8
488,Zaysan,KZ,2021-10-06 14:13:03,47.4667,84.8667,33.4,75,83,7.47
489,Ferrol,ES,2021-10-06 14:13:04,43.4832,-8.2369,73.65,67,28,8.7
490,Sakakah,SA,2021-10-06 14:13:04,29.9697,40.2064,92.57,14,0,8.08
491,Hirara,JP,2021-10-06 14:13:04,24.8,125.2833,83.1,79,12,18.3
492,Crateus,BR,2021-10-06 14:13:04,-5.1783,-40.6775,94.89,30,94,7.2
493,Zhob,PK,2021-10-06 14:13:05,31.3411,69.4481,81.18,17,8,3.36
494,Silopi,TR,2021-10-06 14:13:05,37.2497,42.4694,78.17,16,0,3.58
495,Saryozek,KZ,2021-10-06 14:13:05,44.3583,77.9753,32.45,59,79,6.8
496,Qafqafa,JO,2021-10-06 14:13:06,32.3483,35.9395,76.35,26,0,11.81
497,Mugur-Aksy,RU,2021-10-06 14:13:06,50.35,90.5,26.55,94,100,3.91
498,North Myrtle Beach,US,2021-10-06 14:13:06,33.816,-78.68,78.12,95,1,8.05
499,Banjar,ID,2021-10-06 14:13:06,-8.19,114.9675,78.66,88,15,8.05
500,Havre,FR,2021-10-06 14:13:07,49.5833,0.3333,63.57,67,75,18.41
501,Ambilobe,MG,2021-10-06 14:13:07,-13.2,49.05,80.78,57,100,8.88
502,Lokosovo,RU,2021-10-06 14:13:07,61.1333,74.8167,41.13,86,44,10.0
503,Agadir,MA,2021-10-06 14:13:08,30.4202,-9.5982,84.65,46,48,6.71
504,Nawalgarh,IN,2021-10-06 14:13:08,27.85,75.2667,87.48,46,68,1.28
505,Manamadurai,IN,2021-10-06 14:13:08,9.7,78.4833,84.9,83,76,13.89
506,Ayia Galini,GR,2021-10-06 14:13:09,35.1,24.6833,75.74,41,0,7.0
507,Inhambane,MZ,2021-10-06 14:13:09,-23.865,35.3833,76.98,73,40,11.5
508,Garoua,CM,2021-10-06 14:13:09,9.3,13.4,93.92,45,100,3.69
509,Sept-Iles,CA,2021-10-06 14:13:10,50.2001,-66.3821,58.05,71,44,5.01
510,Bentiu,SS,2021-10-06 14:13:10,9.2333,29.8333,90.57,46,55,0.09
511,Quelimane,MZ,2021-10-06 14:13:10,-17.8786,36.8883,81.43,57,2,10.2
512,Bagdarin,RU,2021-10-06 14:12:17,54.4333,113.6,29.23,96,84,2.82
513,Half Moon Bay,US,2021-10-06 14:13:10,37.4636,-122.4286,60.15,89,90,0.0
514,Vesyegonsk,RU,2021-10-06 14:13:11,58.664,37.2604,50.68,68,4,6.73
515,La Ronge,CA,2021-10-06 14:13:11,55.1001,-105.2842,42.24,60,9,9.71
516,Vostochnyy,RU,2021-10-06 14:13:11,55.8167,37.8667,53.87,54,19,5.97
517,Basco,PH,2021-10-06 14:13:12,20.4487,121.9702,83.93,77,84,18.03
518,Yanam,IN,2021-10-06 14:13:12,16.7333,82.2167,82.8,89,32,3.69
519,Odweyne,SO,2021-10-06 14:13:12,9.4092,45.064,87.35,31,79,9.17
520,Chauk,MM,2021-10-06 14:13:12,20.8833,94.8167,86.05,66,45,4.29
521,Parati,BR,2021-10-06 14:13:13,-23.2178,-44.7131,71.85,93,99,4.74
522,Mehamn,NO,2021-10-06 14:13:13,71.0357,27.8492,44.78,87,40,16.11
523,San Ignacio,BZ,2021-10-06 14:13:13,17.1561,-89.0714,77.38,86,68,1.1
524,Mujiayingzi,CN,2021-10-06 14:13:14,42.1167,118.7833,42.84,79,87,2.26
525,Jiblah,YE,2021-10-06 14:13:14,13.9216,44.1467,71.58,58,87,5.21
526,College,US,2021-10-06 14:13:14,64.8569,-147.8028,29.59,91,75,4.61
527,Scottsbluff,US,2021-10-06 14:09:49,41.8666,-103.6672,52.79,59,1,5.75
528,Ilhabela,BR,2021-10-06 14:13:14,-23.7781,-45.3581,69.13,91,99,9.04
529,Toora-Khem,RU,2021-10-06 14:13:15,52.4675,96.11,34.12,57,18,0.49
530,San Anselmo,US,2021-10-06 14:13:15,37.9747,-122.5616,59.95,90,1,1.99
531,Antsohihy,MG,2021-10-06 14:13:15,-14.8796,47.9875,83.97,51,61,12.84
532,Da Nang,VN,2021-10-06 14:08:21,16.0678,108.2208,80.58,78,75,6.91
533,Andahuaylas,PE,2021-10-06 14:13:16,-13.6556,-73.3872,53.69,93,90,16.11
534,Beloha,MG,2021-10-06 14:13:16,-25.1667,45.05,71.24,48,0,14.54
535,Burley,US,2021-10-06 14:13:16,42.5357,-113.7928,57.16,58,1,13.8
536,Griffith,US,2021-10-06 14:13:16,41.5284,-87.4237,66.13,93,90,1.01
537,Nicoya,CR,2021-10-06 14:13:17,10.1483,-85.452,80.15,82,85,2.33
538,Bobo Dioulasso,BF,2021-10-06 14:13:17,11.1771,-4.2979,93.76,37,4,5.84
539,Melbu,NO,2021-10-06 14:13:17,68.5044,14.8297,51.31,87,75,6.91
540,Nador,MA,2021-10-06 14:13:18,35.174,-2.9287,71.85,68,0,5.75
541,Ugoofaaru,MV,2021-10-06 14:13:18,5.6667,73.0,82.83,80,100,15.17
542,Bara,NG,2021-10-06 14:13:18,10.3744,10.7288,95.65,32,79,2.73
543,Taltal,CL,2021-10-06 14:13:18,-25.4,-70.4833,64.08,63,86,5.79
544,Zhezkazgan,KZ,2021-10-06 14:13:19,47.8043,67.7144,36.64,46,25,13.98
545,Novyy Urengoy,RU,2021-10-06 14:13:19,66.0833,76.6333,41.27,83,37,19.73
546,Hunfeld,DE,2021-10-06 14:13:19,50.6797,9.7673,56.79,88,63,14.03
547,Arrecife,ES,2021-10-06 14:13:20,28.963,-13.5477,80.58,57,20,8.05
548,Port Moresby,PG,2021-10-06 14:13:20,-9.4431,147.1797,76.71,91,100,6.11
549,Santa Isabel Do Rio Negro,BR,2021-10-06 14:13:20,-0.4139,-65.0192,85.71,73,54,2.3
